,Naive,Holts,Moving_Average,ARIMA
81,76299678,78646729.59728639,77773595.86666666,69645337.12766929
82,76299678,78836814.51073447,77773595.86666666,69293155.94399217
83,76299678,79026899.42418256,77773595.86666666,68942755.66326205
84,76299678,79216984.33763064,77773595.86666666,68594127.27984364
85,76299678,79407069.25107874,77773595.86666666,68247261.83364111
