,Naive,Holts,Moving_Average,ARIMA
81,415845,415013.32774002536,424746.68333333335,415366.8172333517
82,415845,414934.0037394385,424746.68333333335,415340.2676525285
83,415845,414854.6797388517,424746.68333333335,415313.7197687119
84,415845,414775.35573826486,424746.68333333335,415287.1735817935
85,415845,414696.031737678,424746.68333333335,415260.6290916648
