,Naive,Holts,Moving_Average,ARIMA
81,4017157,3561010.835447741,3946473.0,3744983.256298592
82,4017157,3539650.9939262914,3946473.0,3730415.116126299
83,4017157,3518291.152404842,3946473.0,3715903.64662342
84,4017157,3496931.310883392,3946473.0,3701448.6273387014
85,4017157,3475571.4693619427,3946473.0,3687049.838678453
