,Naive,Holts,Moving_Average,ARIMA
81,86337601,87926696.12527847,86496904.4,80229665.7872116
82,86337601,88080661.72340328,86496904.4,79903298.08816814
83,86337601,88234627.32152808,86496904.4,79578258.0261519
84,86337601,88388592.91965288,86496904.4,79254540.20044433
85,86337601,88542558.51777767,86496904.4,78932139.2322966
