,Naive,Holts,Moving_Average,ARIMA
81,259018,235981.2299853525,262628.2,257297.06055869715
82,259018,234712.30374287657,262628.2,257201.78877399984
83,259018,233443.37750040065,262628.2,257106.5522664757
84,259018,232174.45125792472,262628.2,257011.35102306228
85,259018,230905.52501544877,262628.2,256916.18503070206
