,Naive,Holts,Moving_Average,ARIMA
81,326914,330062.7561099998,323349.8,324707.6535658836
82,326914,330475.25763339194,323349.8,324585.51630350266
83,326914,330887.75915678416,323349.8,324463.4249824807
84,326914,331300.2606801763,323349.8,324341.37958553707
85,326914,331712.76220356853,323349.8,324219.3800953976
